Player,RUSHING ATT (Projected),RUSHING YDS (Projected),RUSHING TDS (Projected),RECEIVING REC (Projected),RECEIVING YDS (Projected),RECEIVING TDS (Projected),MISC FL (Projected),MISC FPTS (Projected),G,ATT PER GAME,YBCON PER GAME,YACON PER GAME,BRKTKL PER GAME,TK LOSS PER GAME,TK LOSS YDS PER GAME,10+ YDS PER GAME,20+ YDS PER GAME,30+ YDS PER GAME,40+ YDS PER GAME,50+ YDS PER GAME,TGT PER GAME,RZ TGT PER GAME,TOTAL_ATT,TOTAL_YBCON,TOTAL_YACON,TOTAL_BRKTKL,TOTAL_TK_LOSS,TOTAL_TK_LOSS_YDS,TOTAL_10YDS,TOTAL_20YDS,TOTAL_30YDS,TOTAL_40YDS,TOTAL_50YDS,TOTAL_TGT,TOTAL_RZ_TGT
Saquon Barkley,327.8,1661.7,10.8,41.9,318.2,2.2,1.4,273.2,16.0,22.0,83.0,42.0,1.0,2.0,-5.0,3.0,1.0,1.0,0.0,0.0,3.0,1.0,352.0,1328.0,672.0,16.0,32.0,-80.0,48.0,16.0,16.0,0.0,0.0,48.0,16.0
Bijan Robinson,304.4,1420.0,11.4,56.9,428.7,2.1,1.4,263.4,17.0,18.0,43.0,43.0,1.0,1.0,-4.0,2.0,0.0,0.0,0.0,0.0,4.0,0.0,306.0,731.0,731.0,17.0,17.0,-68.0,34.0,0.0,0.0,0.0,0.0,68.0,0.0
Jahmyr Gibbs,239.9,1239.5,11.7,57.7,508.7,2.8,1.3,258.9,17.0,15.0,48.0,35.0,1.0,1.0,-3.0,2.0,1.0,0.0,0.0,0.0,4.0,1.0,255.0,816.0,595.0,17.0,17.0,-51.0,34.0,17.0,0.0,0.0,0.0,68.0,17.0
Derrick Henry,295.2,1508.3,13.3,16.4,153.1,0.9,1.4,248.4,17.0,19.0,59.0,54.0,2.0,2.0,-3.0,3.0,1.0,1.0,0.0,0.0,1.0,0.0,323.0,1003.0,918.0,34.0,34.0,-51.0,51.0,17.0,17.0,0.0,0.0,17.0,0.0
Christian McCaffrey,233.2,1062.6,7.9,65.1,569.9,3.6,1.8,228.4,4.0,13.0,29.0,22.0,1.0,1.0,-3.0,2.0,0.0,0.0,0.0,0.0,5.0,1.0,52.0,116.0,88.0,4.0,4.0,-12.0,8.0,0.0,0.0,0.0,0.0,20.0,4.0
Josh Jacobs,284.2,1211.8,11.3,38.1,316.0,1.5,1.5,226.1,17.0,18.0,35.0,43.0,2.0,2.0,-3.0,2.0,0.0,0.0,0.0,0.0,3.0,0.0,306.0,595.0,731.0,34.0,34.0,-51.0,34.0,0.0,0.0,0.0,0.0,51.0,0.0
De'Von Achane,223.3,1032.9,7.8,69.5,513.7,4.1,1.3,223.1,17.0,12.0,29.0,25.0,0.0,2.0,-4.0,1.0,0.0,0.0,0.0,0.0,5.0,1.0,204.0,493.0,425.0,0.0,34.0,-68.0,17.0,0.0,0.0,0.0,0.0,85.0,17.0
Ashton Jeanty,273.0,1203.8,9.0,46.3,366.3,1.9,2.4,217.4,N/A,N/A,N/A,N/A,N/A,N/A,N/A,N/A,N/A,N/A,N/A,N/A,N/A,N/A,N/A,N/A,N/A,N/A,N/A,N/A,N/A,N/A,N/A,N/A,N/A,N/A,N/A
Jonathan Taylor,297.7,1359.0,9.6,25.7,194.4,1.1,1.6,216.5,14.0,22.0,61.0,41.0,1.0,2.0,-4.0,2.0,1.0,0.0,0.0,0.0,2.0,0.0,308.0,854.0,574.0,14.0,28.0,-56.0,28.0,14.0,0.0,0.0,0.0,28.0,0.0
Kyren Williams,275.7,1192.4,11.2,33.6,213.7,1.7,2.3,213.1,16.0,20.0,43.0,38.0,2.0,2.0,-3.0,2.0,0.0,0.0,0.0,0.0,3.0,1.0,320.0,688.0,608.0,32.0,32.0,-48.0,32.0,0.0,0.0,0.0,0.0,48.0,16.0
Bucky Irving,234.5,1110.7,8.3,44.4,343.2,1.7,1.4,202.5,17.0,12.0,33.0,33.0,1.0,1.0,-2.0,2.0,0.0,0.0,0.0,0.0,3.0,0.0,204.0,561.0,561.0,17.0,17.0,-34.0,34.0,0.0,0.0,0.0,0.0,51.0,0.0
Chase Brown,234.6,984.0,7.8,54.0,377.4,2.7,1.4,196.3,16.0,14.0,37.0,24.0,1.0,1.0,-3.0,1.0,1.0,0.0,0.0,0.0,4.0,1.0,224.0,592.0,384.0,16.0,16.0,-48.0,16.0,16.0,0.0,0.0,0.0,64.0,16.0
James Cook,222.0,1049.7,9.5,31.4,258.5,1.9,1.4,196.1,16.0,13.0,33.0,30.0,1.0,1.0,-2.0,1.0,0.0,0.0,0.0,0.0,2.0,0.0,208.0,528.0,480.0,16.0,16.0,-32.0,16.0,0.0,0.0,0.0,0.0,32.0,0.0
Breece Hall,224.3,1000.0,5.9,46.9,385.4,2.1,1.9,182.8,16.0,13.0,27.0,28.0,0.0,1.0,-3.0,2.0,0.0,0.0,0.0,0.0,5.0,1.0,208.0,432.0,448.0,0.0,16.0,-48.0,32.0,0.0,0.0,0.0,0.0,80.0,16.0
James Conner,213.9,971.3,7.8,41.2,314.9,1.7,1.4,182.7,16.0,15.0,33.0,35.0,2.0,1.0,-3.0,2.0,0.0,0.0,0.0,0.0,3.0,0.0,240.0,528.0,560.0,32.0,16.0,-48.0,32.0,0.0,0.0,0.0,0.0,48.0,0.0
Kenneth Walker III,234.8,968.3,8.2,43.3,309.2,1.3,1.3,181.9,11.0,14.0,24.0,28.0,1.0,2.0,-5.0,1.0,0.0,0.0,0.0,0.0,5.0,1.0,154.0,264.0,308.0,11.0,22.0,-55.0,11.0,0.0,0.0,0.0,0.0,55.0,11.0
Omarion Hampton,222.7,970.8,8.5,35.7,276.4,1.5,2.1,180.5,N/A,N/A,N/A,N/A,N/A,N/A,N/A,N/A,N/A,N/A,N/A,N/A,N/A,N/A,N/A,N/A,N/A,N/A,N/A,N/A,N/A,N/A,N/A,N/A,N/A,N/A,N/A
Alvin Kamara,215.5,903.5,5.1,63.0,475.5,2.0,1.3,178.1,14.0,16.0,39.0,29.0,1.0,2.0,-5.0,2.0,0.0,0.0,0.0,0.0,6.0,0.0,224.0,546.0,406.0,14.0,28.0,-70.0,28.0,0.0,0.0,0.0,0.0,84.0,0.0
Chuba Hubbard,229.8,1031.7,7.6,37.8,229.8,1.1,1.8,174.3,15.0,17.0,44.0,36.0,1.0,1.0,-2.0,2.0,1.0,0.0,0.0,0.0,4.0,1.0,255.0,660.0,540.0,15.0,15.0,-30.0,30.0,15.0,0.0,0.0,0.0,60.0,15.0
D'Andre Swift,238.7,967.1,6.1,36.5,282.9,1.2,1.1,167.0,17.0,15.0,30.0,26.0,0.0,2.0,-5.0,1.0,0.0,0.0,0.0,0.0,3.0,0.0,255.0,510.0,442.0,0.0,34.0,-85.0,17.0,0.0,0.0,0.0,0.0,51.0,0.0
David Montgomery,196.6,819.0,8.9,31.4,258.4,0.9,1.0,164.5,14.0,13.0,25.0,31.0,1.0,1.0,-1.0,1.0,0.0,0.0,0.0,0.0,3.0,0.0,182.0,350.0,434.0,14.0,14.0,-14.0,14.0,0.0,0.0,0.0,0.0,42.0,0.0
Aaron Jones Sr.,198.9,890.9,4.6,45.0,331.4,2.3,1.8,159.8,17.0,15.0,36.0,31.0,1.0,1.0,-2.0,1.0,0.0,0.0,0.0,0.0,4.0,1.0,255.0,612.0,527.0,17.0,17.0,-34.0,17.0,0.0,0.0,0.0,0.0,68.0,17.0
Joe Mixon,206.7,822.4,7.5,33.4,258.6,1.3,0.9,159.2,14.0,18.0,39.0,33.0,1.0,3.0,-6.0,2.0,1.0,0.0,0.0,0.0,4.0,1.0,252.0,546.0,462.0,14.0,42.0,-84.0,28.0,14.0,0.0,0.0,0.0,56.0,14.0
Tony Pollard,227.5,958.5,5.4,40.2,257.9,0.9,1.0,157.2,16.0,16.0,33.0,35.0,1.0,2.0,-4.0,2.0,0.0,0.0,0.0,0.0,4.0,0.0,256.0,528.0,560.0,16.0,32.0,-64.0,32.0,0.0,0.0,0.0,0.0,64.0,0.0
TreVeyon Henderson,202.6,891.8,5.7,33.3,258.7,1.5,1.7,154.8,N/A,N/A,N/A,N/A,N/A,N/A,N/A,N/A,N/A,N/A,N/A,N/A,N/A,N/A,N/A,N/A,N/A,N/A,N/A,N/A,N/A,N/A,N/A,N/A,N/A,N/A,N/A
Brian Robinson Jr.,196.7,809.4,7.3,23.4,175.7,1.0,1.4,145.6,14.0,13.0,27.0,30.0,1.0,1.0,-3.0,1.0,0.0,0.0,0.0,0.0,2.0,0.0,182.0,378.0,420.0,14.0,14.0,-42.0,14.0,0.0,0.0,0.0,0.0,28.0,0.0
Isiah Pacheco,203.5,838.2,5.7,32.9,224.8,1.0,1.0,144.8,7.0,12.0,26.0,18.0,0.0,1.0,-1.0,0.0,0.0,0.0,0.0,0.0,2.0,0.0,84.0,182.0,126.0,0.0,7.0,-7.0,0.0,0.0,0.0,0.0,0.0,14.0,0.0
Kaleb Johnson,202.7,849.1,6.6,23.2,178.0,1.0,1.7,144.7,N/A,N/A,N/A,N/A,N/A,N/A,N/A,N/A,N/A,N/A,N/A,N/A,N/A,N/A,N/A,N/A,N/A,N/A,N/A,N/A,N/A,N/A,N/A,N/A,N/A,N/A,N/A
RJ Harvey,174.0,761.8,5.2,33.6,257.3,1.6,1.0,140.9,N/A,N/A,N/A,N/A,N/A,N/A,N/A,N/A,N/A,N/A,N/A,N/A,N/A,N/A,N/A,N/A,N/A,N/A,N/A,N/A,N/A,N/A,N/A,N/A,N/A,N/A,N/A
Tyrone Tracy Jr.,188.6,802.0,5.0,35.2,259.8,1.1,1.6,139.2,17.0,11.0,30.0,19.0,0.0,1.0,-1.0,1.0,0.0,0.0,0.0,0.0,3.0,0.0,187.0,510.0,323.0,0.0,17.0,-17.0,17.0,0.0,0.0,0.0,0.0,51.0,0.0
Jaylen Warren,148.8,679.7,3.8,47.7,348.8,1.1,1.0,129.9,15.0,8.0,19.0,15.0,1.0,1.0,-1.0,1.0,0.0,0.0,0.0,0.0,3.0,0.0,120.0,285.0,225.0,15.0,15.0,-15.0,15.0,0.0,0.0,0.0,0.0,45.0,0.0
J.K. Dobbins,148.4,658.0,4.9,29.2,187.9,1.2,1.2,118.9,13.0,15.0,32.0,38.0,2.0,1.0,-3.0,2.0,0.0,0.0,0.0,0.0,3.0,0.0,195.0,416.0,494.0,26.0,13.0,-39.0,26.0,0.0,0.0,0.0,0.0,39.0,0.0
Jordan Mason,163.9,754.4,4.4,17.6,128.3,0.7,0.7,117.9,12.0,13.0,37.0,29.0,1.0,1.0,-3.0,2.0,1.0,0.0,0.0,0.0,1.0,0.0,156.0,444.0,348.0,12.0,12.0,-36.0,24.0,12.0,0.0,0.0,0.0,12.0,0.0
Javonte Williams,174.9,645.7,4.2,35.9,229.2,1.1,0.9,117.5,17.0,8.0,15.0,15.0,0.0,1.0,-2.0,1.0,0.0,0.0,0.0,0.0,4.0,0.0,136.0,255.0,255.0,0.0,17.0,-34.0,17.0,0.0,0.0,0.0,0.0,68.0,0.0
Rhamondre Stevenson,156.7,636.8,4.8,28.0,177.1,1.1,1.5,113.5,15.0,14.0,25.0,29.0,1.0,1.0,-3.0,1.0,0.0,0.0,0.0,0.0,3.0,1.0,210.0,375.0,435.0,15.0,15.0,-45.0,15.0,0.0,0.0,0.0,0.0,45.0,15.0
Travis Etienne Jr.,141.1,577.1,3.7,37.7,279.0,1.2,0.9,112.7,15.0,10.0,19.0,18.0,0.0,1.0,-3.0,1.0,0.0,0.0,0.0,0.0,3.0,0.0,150.0,285.0,270.0,0.0,15.0,-45.0,15.0,0.0,0.0,0.0,0.0,45.0,0.0
Austin Ekeler,95.3,414.8,4.1,44.7,367.0,1.8,1.0,111.2,12.0,6.0,19.0,11.0,0.0,1.0,-1.0,1.0,0.0,0.0,0.0,0.0,3.0,0.0,72.0,228.0,132.0,0.0,12.0,-12.0,12.0,0.0,0.0,0.0,0.0,36.0,0.0
Zach Charbonnet,126.7,536.0,4.5,33.2,244.8,0.9,0.8,108.8,17.0,8.0,16.0,18.0,1.0,1.0,-1.0,1.0,0.0,0.0,0.0,0.0,3.0,0.0,136.0,272.0,306.0,17.0,17.0,-17.0,17.0,0.0,0.0,0.0,0.0,51.0,0.0
Quinshon Judkins,145.8,620.4,3.9,21.2,160.4,0.9,1.2,104.1,N/A,N/A,N/A,N/A,N/A,N/A,N/A,N/A,N/A,N/A,N/A,N/A,N/A,N/A,N/A,N/A,N/A,N/A,N/A,N/A,N/A,N/A,N/A,N/A,N/A,N/A,N/A
Najee Harris,138.7,558.9,4.8,21.8,158.1,0.8,0.8,103.6,17.0,15.0,30.0,32.0,1.0,1.0,-3.0,2.0,1.0,0.0,0.0,0.0,3.0,0.0,255.0,510.0,544.0,17.0,17.0,-51.0,34.0,17.0,0.0,0.0,0.0,51.0,0.0
Rachaad White,114.5,462.5,2.8,37.6,282.8,2.1,1.3,101.7,16.0,9.0,14.0,24.0,1.0,1.0,-2.0,1.0,0.0,0.0,0.0,0.0,4.0,1.0,144.0,224.0,384.0,16.0,16.0,-32.0,16.0,0.0,0.0,0.0,0.0,64.0,16.0
Tyjae Spears,124.6,498.2,3.7,33.6,251.9,1.0,0.9,101.3,12.0,7.0,11.0,15.0,1.0,1.0,-2.0,1.0,0.0,0.0,0.0,0.0,3.0,0.0,84.0,132.0,180.0,12.0,12.0,-24.0,12.0,0.0,0.0,0.0,0.0,36.0,0.0
Cam Skattebo,129.4,556.0,3.6,24.8,190.9,0.9,1.2,99.4,N/A,N/A,N/A,N/A,N/A,N/A,N/A,N/A,N/A,N/A,N/A,N/A,N/A,N/A,N/A,N/A,N/A,N/A,N/A,N/A,N/A,N/A,N/A,N/A,N/A,N/A,N/A
Tank Bigsby,151.8,612.8,4.8,11.2,81.6,0.2,1.2,97.0,16.0,11.0,18.0,29.0,1.0,1.0,-1.0,1.0,0.0,0.0,0.0,0.0,1.0,0.0,176.0,288.0,464.0,16.0,16.0,-16.0,16.0,0.0,0.0,0.0,0.0,16.0,0.0
Jerome Ford,132.3,543.8,2.8,30.5,206.9,0.8,0.8,95.3,14.0,7.0,25.0,16.0,0.0,1.0,-2.0,1.0,0.0,0.0,0.0,0.0,3.0,0.0,98.0,350.0,224.0,0.0,14.0,-28.0,14.0,0.0,0.0,0.0,0.0,42.0,0.0
Trey Benson,130.6,576.0,3.9,13.7,104.6,0.4,0.9,92.5,13.0,5.0,12.0,10.0,0.0,0.0,0.0,1.0,0.0,0.0,0.0,0.0,0.0,0.0,65.0,156.0,130.0,0.0,0.0,0.0,13.0,0.0,0.0,0.0,0.0,0.0,0.0
Jaylen Wright,134.7,565.2,3.7,14.6,100.5,0.6,1.5,88.9,15.0,5.0,8.0,8.0,0.0,1.0,-3.0,1.0,0.0,0.0,0.0,0.0,0.0,0.0,75.0,120.0,120.0,0.0,15.0,-45.0,15.0,0.0,0.0,0.0,0.0,0.0,0.0
Ray Davis,118.8,499.5,3.7,12.4,105.5,1.0,0.8,87.1,17.0,7.0,13.0,13.0,0.0,1.0,-1.0,1.0,0.0,0.0,0.0,0.0,1.0,0.0,119.0,221.0,221.0,0.0,17.0,-17.0,17.0,0.0,0.0,0.0,0.0,17.0,0.0
Dylan Sampson,118.7,480.9,2.7,23.3,177.4,0.9,0.8,85.9,N/A,N/A,N/A,N/A,N/A,N/A,N/A,N/A,N/A,N/A,N/A,N/A,N/A,N/A,N/A,N/A,N/A,N/A,N/A,N/A,N/A,N/A,N/A,N/A,N/A,N/A,N/A
Tyler Allgeier,119.8,549.7,3.3,12.7,92.2,0.3,0.8,84.3,17.0,8.0,17.0,21.0,0.0,1.0,-1.0,1.0,0.0,0.0,0.0,0.0,1.0,0.0,136.0,289.0,357.0,0.0,17.0,-17.0,17.0,0.0,0.0,0.0,0.0,17.0,0.0
Jaydon Blue,109.2,476.9,2.9,19.3,150.7,0.8,0.8,83.2,N/A,N/A,N/A,N/A,N/A,N/A,N/A,N/A,N/A,N/A,N/A,N/A,N/A,N/A,N/A,N/A,N/A,N/A,N/A,N/A,N/A,N/A,N/A,N/A,N/A,N/A,N/A
Isaac Guerendo,113.1,488.7,3.9,10.6,93.2,0.4,0.9,81.9,16.0,5.0,11.0,15.0,0.0,0.0,0.0,1.0,0.0,0.0,0.0,0.0,1.0,0.0,80.0,176.0,240.0,0.0,0.0,0.0,16.0,0.0,0.0,0.0,0.0,16.0,0.0
Rico Dowdle,107.3,459.1,2.6,20.9,143.0,1.1,0.8,80.9,16.0,15.0,36.0,32.0,1.0,1.0,-2.0,2.0,0.0,0.0,0.0,0.0,3.0,0.0,240.0,576.0,512.0,16.0,16.0,-32.0,32.0,0.0,0.0,0.0,0.0,48.0,0.0
Nick Chubb,118.9,484.0,3.8,9.9,75.6,0.4,0.5,80.5,8.0,13.0,21.0,20.0,1.0,1.0,-2.0,1.0,0.0,0.0,0.0,0.0,1.0,0.0,104.0,168.0,160.0,8.0,8.0,-16.0,8.0,0.0,0.0,0.0,0.0,8.0,0.0
Roschon Johnson,96.6,346.6,5.0,19.0,123.9,0.5,0.4,78.7,13.0,4.0,6.0,5.0,0.0,0.0,-1.0,0.0,0.0,0.0,0.0,0.0,2.0,0.0,52.0,78.0,65.0,0.0,0.0,-13.0,0.0,0.0,0.0,0.0,0.0,26.0,0.0
Braelon Allen,105.0,404.9,2.7,16.6,123.1,0.8,0.4,73.3,17.0,5.0,8.0,11.0,0.0,0.0,-1.0,0.0,0.0,0.0,0.0,0.0,2.0,0.0,85.0,136.0,187.0,0.0,0.0,-17.0,0.0,0.0,0.0,0.0,0.0,34.0,0.0
Bhayshul Tuten,91.9,398.0,2.7,17.5,138.0,0.8,0.8,73.2,N/A,N/A,N/A,N/A,N/A,N/A,N/A,N/A,N/A,N/A,N/A,N/A,N/A,N/A,N/A,N/A,N/A,N/A,N/A,N/A,N/A,N/A,N/A,N/A,N/A,N/A,N/A
MarShawn Lloyd,105.6,381.6,2.9,13.5,108.4,0.7,0.8,69.2,1.0,6.0,12.0,3.0,0.0,0.0,0.0,0.0,0.0,0.0,0.0,0.0,1.0,0.0,6.0,12.0,3.0,0.0,0.0,0.0,0.0,0.0,0.0,0.0,0.0,1.0,0.0
Kareem Hunt,82.4,314.4,3.3,18.3,125.9,0.7,0.1,68.1,13.0,15.0,31.0,25.0,1.0,1.0,-1.0,1.0,0.0,0.0,0.0,0.0,2.0,1.0,195.0,403.0,325.0,13.0,13.0,-13.0,13.0,0.0,0.0,0.0,0.0,26.0,13.0
Miles Sanders,93.9,404.7,2.3,12.0,77.2,0.6,0.5,64.5,11.0,5.0,11.0,7.0,0.0,1.0,-1.0,0.0,0.0,0.0,0.0,0.0,3.0,0.0,55.0,121.0,77.0,0.0,11.0,-11.0,0.0,0.0,0.0,0.0,0.0,33.0,0.0
Kendre Miller,95.0,365.9,3.4,9.7,72.6,0.2,0.4,64.5,7.0,6.0,8.0,13.0,1.0,1.0,-3.0,1.0,0.0,0.0,0.0,0.0,1.0,0.0,42.0,56.0,91.0,7.0,7.0,-21.0,7.0,0.0,0.0,0.0,0.0,7.0,0.0
Raheem Mostert,77.5,289.9,2.6,18.1,133.8,0.6,0.8,60.0,13.0,7.0,11.0,10.0,0.0,1.0,-2.0,1.0,0.0,0.0,0.0,0.0,2.0,0.0,91.0,143.0,130.0,0.0,13.0,-26.0,13.0,0.0,0.0,0.0,0.0,26.0,0.0
Blake Corum,96.3,350.7,2.4,12.0,87.4,0.3,0.4,59.5,15.0,4.0,8.0,6.0,0.0,0.0,-1.0,0.0,0.0,0.0,0.0,0.0,1.0,0.0,60.0,120.0,90.0,0.0,0.0,-15.0,0.0,0.0,0.0,0.0,0.0,15.0,0.0
Justice Hill,41.8,185.1,1.1,27.3,222.6,1.7,0.4,56.7,15.0,3.0,6.0,9.0,0.0,0.0,-1.0,0.0,0.0,0.0,0.0,0.0,3.0,1.0,45.0,90.0,135.0,0.0,0.0,-15.0,0.0,0.0,0.0,0.0,0.0,45.0,15.0
Woody Marks,72.3,259.1,1.8,20.0,146.4,1.0,0.1,56.6,N/A,N/A,N/A,N/A,N/A,N/A,N/A,N/A,N/A,N/A,N/A,N/A,N/A,N/A,N/A,N/A,N/A,N/A,N/A,N/A,N/A,N/A,N/A,N/A,N/A,N/A,N/A
Keaton Mitchell,75.2,330.0,1.7,8.6,83.4,0.5,0.0,54.1,4.0,4.0,2.0,6.0,1.0,1.0,-2.0,0.0,0.0,0.0,0.0,0.0,0.0,0.0,16.0,8.0,24.0,4.0,4.0,-8.0,0.0,0.0,0.0,0.0,0.0,0.0,0.0
Samaje Perine,51.2,200.4,1.5,21.2,195.7,1.1,0.7,53.5,17.0,1.0,3.0,2.0,0.0,0.0,0.0,0.0,0.0,0.0,0.0,0.0,2.0,0.0,17.0,51.0,34.0,0.0,0.0,0.0,0.0,0.0,0.0,0.0,0.0,34.0,0.0
Khalil Herbert,84.6,325.0,2.1,8.3,54.0,0.2,0.0,51.8,12.0,3.0,6.0,5.0,0.0,0.0,0.0,0.0,0.0,0.0,0.0,0.0,1.0,0.0,36.0,72.0,60.0,0.0,0.0,0.0,0.0,0.0,0.0,0.0,0.0,12.0,0.0
Ty Johnson,45.7,208.1,1.0,15.2,164.8,1.5,0.1,51.6,17.0,2.0,6.0,6.0,0.0,0.0,0.0,0.0,0.0,0.0,0.0,0.0,1.0,0.0,34.0,102.0,102.0,0.0,0.0,0.0,0.0,0.0,0.0,0.0,0.0,17.0,0.0
Jarquez Hunter,57.1,245.0,1.9,8.5,68.7,0.4,0.7,43.8,N/A,N/A,N/A,N/A,N/A,N/A,N/A,N/A,N/A,N/A,N/A,N/A,N/A,N/A,N/A,N/A,N/A,N/A,N/A,N/A,N/A,N/A,N/A,N/A,N/A,N/A,N/A
Antonio Gibson,51.5,209.5,1.0,15.7,127.0,0.5,0.0,42.4,17.0,7.0,13.0,19.0,1.0,1.0,-2.0,1.0,0.0,0.0,0.0,0.0,2.0,0.0,119.0,221.0,323.0,17.0,17.0,-34.0,17.0,0.0,0.0,0.0,0.0,34.0,0.0
Elijah Mitchell,62.5,235.9,1.9,8.5,49.6,0.4,0.1,42.2,N/A,N/A,N/A,N/A,N/A,N/A,N/A,N/A,N/A,N/A,N/A,N/A,N/A,N/A,N/A,N/A,N/A,N/A,N/A,N/A,N/A,N/A,N/A,N/A,N/A,N/A,N/A
Devin Singletary,51.8,235.2,1.5,9.4,63.3,0.1,0.4,39.1,16.0,7.0,13.0,14.0,1.0,0.0,-1.0,1.0,0.0,0.0,0.0,0.0,2.0,0.0,112.0,208.0,224.0,16.0,0.0,-16.0,16.0,0.0,0.0,0.0,0.0,32.0,0.0
Trevor Etienne,47.8,191.3,1.5,10.7,86.8,0.4,0.4,38.3,N/A,N/A,N/A,N/A,N/A,N/A,N/A,N/A,N/A,N/A,N/A,N/A,N/A,N/A,N/A,N/A,N/A,N/A,N/A,N/A,N/A,N/A,N/A,N/A,N/A,N/A,N/A
Tahj Brooks,24.9,225.4,1.9,6.7,48.2,0.1,0.6,38.0,N/A,N/A,N/A,N/A,N/A,N/A,N/A,N/A,N/A,N/A,N/A,N/A,N/A,N/A,N/A,N/A,N/A,N/A,N/A,N/A,N/A,N/A,N/A,N/A,N/A,N/A,N/A
Kenneth Gainwell,53.9,196.5,1.3,12.5,88.6,0.4,0.4,37.7,17.0,4.0,10.0,8.0,0.0,0.0,-1.0,1.0,0.0,0.0,0.0,0.0,1.0,0.0,68.0,170.0,136.0,0.0,0.0,-17.0,17.0,0.0,0.0,0.0,0.0,17.0,0.0
Will Shipley,37.4,199.7,1.3,8.3,61.8,0.4,0.1,36.3,13.0,2.0,3.0,3.0,0.0,0.0,0.0,0.0,0.0,0.0,0.0,0.0,0.0,0.0,26.0,39.0,39.0,0.0,0.0,0.0,0.0,0.0,0.0,0.0,0.0,0.0,0.0
Sean Tucker,44.8,231.4,1.4,5.1,40.1,0.3,0.7,36.1,17.0,3.0,11.0,8.0,0.0,0.0,0.0,1.0,0.0,0.0,0.0,0.0,1.0,0.0,51.0,187.0,136.0,0.0,0.0,0.0,17.0,0.0,0.0,0.0,0.0,17.0,0.0
Devin Neal,39.1,204.6,1.3,7.3,54.5,0.4,0.1,35.9,N/A,N/A,N/A,N/A,N/A,N/A,N/A,N/A,N/A,N/A,N/A,N/A,N/A,N/A,N/A,N/A,N/A,N/A,N/A,N/A,N/A,N/A,N/A,N/A,N/A,N/A,N/A
Emanuel Wilson,41.9,202.7,1.4,7.4,53.9,0.4,0.3,35.6,17.0,6.0,15.0,14.0,1.0,0.0,-1.0,1.0,0.0,0.0,0.0,0.0,1.0,0.0,102.0,255.0,238.0,17.0,0.0,-17.0,17.0,0.0,0.0,0.0,0.0,17.0,0.0
Kyle Monangai,33.4,213.0,1.8,4.4,31.6,0.0,0.0,35.0,N/A,N/A,N/A,N/A,N/A,N/A,N/A,N/A,N/A,N/A,N/A,N/A,N/A,N/A,N/A,N/A,N/A,N/A,N/A,N/A,N/A,N/A,N/A,N/A,N/A,N/A,N/A
Jaleel McLaughlin,30.5,142.6,0.8,18.2,110.3,0.9,0.5,34.3,16.0,7.0,19.0,12.0,1.0,1.0,-2.0,1.0,0.0,0.0,0.0,0.0,2.0,0.0,112.0,304.0,192.0,16.0,16.0,-32.0,16.0,0.0,0.0,0.0,0.0,32.0,0.0
Zamir White,56.1,190.2,1.1,8.6,61.7,0.3,0.0,33.6,8.0,8.0,12.0,11.0,1.0,1.0,-2.0,0.0,0.0,0.0,0.0,0.0,1.0,0.0,64.0,96.0,88.0,8.0,8.0,-16.0,0.0,0.0,0.0,0.0,0.0,8.0,0.0
A.J. Dillon,50.1,199.1,1.6,3.6,28.6,0.1,0.0,32.7,N/A,N/A,N/A,N/A,N/A,N/A,N/A,N/A,N/A,N/A,N/A,N/A,N/A,N/A,N/A,N/A,N/A,N/A,N/A,N/A,N/A,N/A,N/A,N/A,N/A,N/A,N/A
Jacory Croskey-Merritt,33.0,169.4,1.4,3.7,27.3,0.1,0.0,28.2,N/A,N/A,N/A,N/A,N/A,N/A,N/A,N/A,N/A,N/A,N/A,N/A,N/A,N/A,N/A,N/A,N/A,N/A,N/A,N/A,N/A,N/A,N/A,N/A,N/A,N/A,N/A
DJ Giddens,24.1,154.3,1.2,5.8,43.6,0.1,0.0,27.1,N/A,N/A,N/A,N/A,N/A,N/A,N/A,N/A,N/A,N/A,N/A,N/A,N/A,N/A,N/A,N/A,N/A,N/A,N/A,N/A,N/A,N/A,N/A,N/A,N/A,N/A,N/A
Jordan James,26.9,154.8,1.3,3.3,29.5,0.0,0.0,26.1,N/A,N/A,N/A,N/A,N/A,N/A,N/A,N/A,N/A,N/A,N/A,N/A,N/A,N/A,N/A,N/A,N/A,N/A,N/A,N/A,N/A,N/A,N/A,N/A,N/A,N/A,N/A
Ollie Gordon II,31.9,151.3,1.2,5.1,36.3,0.1,0.4,26.1,N/A,N/A,N/A,N/A,N/A,N/A,N/A,N/A,N/A,N/A,N/A,N/A,N/A,N/A,N/A,N/A,N/A,N/A,N/A,N/A,N/A,N/A,N/A,N/A,N/A,N/A,N/A
Brashard Smith,9.7,97.0,0.7,10.9,80.3,0.7,0.0,25.5,N/A,N/A,N/A,N/A,N/A,N/A,N/A,N/A,N/A,N/A,N/A,N/A,N/A,N/A,N/A,N/A,N/A,N/A,N/A,N/A,N/A,N/A,N/A,N/A,N/A,N/A,N/A
Audric Estime,45.5,148.6,0.9,5.8,40.1,0.2,0.4,25.1,13.0,6.0,10.0,14.0,0.0,0.0,0.0,0.0,0.0,0.0,0.0,0.0,0.0,0.0,78.0,130.0,182.0,0.0,0.0,0.0,0.0,0.0,0.0,0.0,0.0,0.0,0.0
Amar Johnson,35.0,164.0,1.0,2.0,26.0,0.0,0.0,25.0,N/A,N/A,N/A,N/A,N/A,N/A,N/A,N/A,N/A,N/A,N/A,N/A,N/A,N/A,N/A,N/A,N/A,N/A,N/A,N/A,N/A,N/A,N/A,N/A,N/A,N/A,N/A
Kyle Juszczyk,6.7,26.8,0.4,14.1,136.3,1.1,0.4,24.2,17.0,0.0,1.0,1.0,0.0,0.0,0.0,0.0,0.0,0.0,0.0,0.0,2.0,0.0,0.0,17.0,17.0,0.0,0.0,0.0,0.0,0.0,0.0,0.0,0.0,34.0,0.0
Isaiah Davis,28.3,144.5,0.8,5.1,36.3,0.1,0.0,23.7,14.0,2.0,5.0,8.0,0.0,0.0,0.0,1.0,0.0,0.0,0.0,0.0,1.0,0.0,28.0,70.0,112.0,0.0,0.0,0.0,14.0,0.0,0.0,0.0,0.0,14.0,0.0
Chris Brooks,30.9,139.4,0.9,5.0,32.1,0.0,0.0,22.9,13.0,3.0,6.0,8.0,0.0,0.0,0.0,0.0,0.0,0.0,0.0,0.0,1.0,0.0,39.0,78.0,104.0,0.0,0.0,0.0,0.0,0.0,0.0,0.0,0.0,13.0,0.0
Clyde Edwards-Helaire,41.5,126.7,0.6,5.7,42.7,0.3,0.1,22.1,2.0,7.0,9.0,15.0,2.0,1.0,-1.0,1.0,0.0,0.0,0.0,0.0,3.0,0.0,14.0,18.0,30.0,4.0,2.0,-2.0,2.0,0.0,0.0,0.0,0.0,6.0,0.0
Kimani Vidal,35.4,105.4,0.6,5.4,41.2,0.3,0.0,20.0,10.0,4.0,8.0,7.0,0.0,0.0,-1.0,0.0,0.0,0.0,0.0,0.0,1.0,0.0,40.0,80.0,70.0,0.0,0.0,-10.0,0.0,0.0,0.0,0.0,0.0,10.0,0.0
Chris Rodriguez Jr.,33.0,121.8,0.9,1.8,13.4,0.0,0.0,19.3,8.0,4.0,8.0,14.0,0.0,0.0,0.0,0.0,0.0,0.0,0.0,0.0,0.0,0.0,32.0,64.0,112.0,0.0,0.0,0.0,0.0,0.0,0.0,0.0,0.0,0.0,0.0
Sincere McCormick,23.7,112.9,0.8,4.3,29.9,0.1,0.1,19.2,4.0,10.0,23.0,23.0,1.0,1.0,-2.0,2.0,0.0,0.0,0.0,0.0,2.0,0.0,40.0,92.0,92.0,4.0,4.0,-8.0,8.0,0.0,0.0,0.0,0.0,8.0,0.0
Emari Demercado,18.7,106.3,0.4,8.1,54.0,0.1,0.0,19.1,13.0,2.0,7.0,11.0,0.0,0.0,0.0,0.0,0.0,0.0,0.0,0.0,2.0,0.0,26.0,91.0,143.0,0.0,0.0,0.0,0.0,0.0,0.0,0.0,0.0,26.0,0.0
Ty Chandler,18.9,96.3,0.7,5.5,38.9,0.1,0.0,18.4,15.0,4.0,9.0,4.0,0.0,0.0,-1.0,0.0,0.0,0.0,0.0,0.0,0.0,0.0,60.0,135.0,60.0,0.0,0.0,-15.0,0.0,0.0,0.0,0.0,0.0,0.0,0.0
Cam Akers,36.1,113.4,0.6,3.0,20.4,0.1,0.0,18.0,16.0,7.0,14.0,14.0,0.0,1.0,-2.0,1.0,0.0,0.0,0.0,0.0,1.0,0.0,112.0,224.0,224.0,0.0,16.0,-32.0,16.0,0.0,0.0,0.0,0.0,16.0,0.0
Patrick Taylor Jr.,30.0,101.7,0.6,2.6,19.6,0.1,0.0,16.2,9.0,4.0,10.0,10.0,0.0,0.0,0.0,0.0,0.0,0.0,0.0,0.0,1.0,0.0,36.0,90.0,90.0,0.0,0.0,0.0,0.0,0.0,0.0,0.0,0.0,9.0,0.0
Kalel Mullings,10.4,96.5,0.6,3.0,21.8,0.0,0.0,15.8,N/A,N/A,N/A,N/A,N/A,N/A,N/A,N/A,N/A,N/A,N/A,N/A,N/A,N/A,N/A,N/A,N/A,N/A,N/A,N/A,N/A,N/A,N/A,N/A,N/A,N/A,N/A
Damien Martinez,8.6,97.0,0.6,3.0,22.0,0.0,0.0,15.7,N/A,N/A,N/A,N/A,N/A,N/A,N/A,N/A,N/A,N/A,N/A,N/A,N/A,N/A,N/A,N/A,N/A,N/A,N/A,N/A,N/A,N/A,N/A,N/A,N/A,N/A,N/A
Dameon Pierce,4.5,81.6,0.7,5.8,40.1,0.1,1.0,15.4,11.0,4.0,7.0,20.0,1.0,0.0,0.0,1.0,0.0,0.0,0.0,0.0,0.0,0.0,44.0,77.0,220.0,11.0,0.0,0.0,11.0,0.0,0.0,0.0,0.0,0.0,0.0
Tyler Goodson,16.5,67.0,0.3,4.3,30.3,0.3,0.0,13.7,16.0,2.0,6.0,4.0,0.0,0.0,0.0,0.0,0.0,0.0,0.0,0.0,1.0,0.0,32.0,96.0,64.0,0.0,0.0,0.0,0.0,0.0,0.0,0.0,0.0,16.0,0.0
Rasheen Ali,5.2,80.8,0.6,2.4,17.7,0.1,0.0,13.6,5.0,2.0,3.0,3.0,0.0,0.0,-1.0,0.0,0.0,0.0,0.0,0.0,0.0,0.0,10.0,15.0,15.0,0.0,0.0,-5.0,0.0,0.0,0.0,0.0,0.0,0.0,0.0
Jeremy McNichols,19.7,73.6,0.7,2.7,15.3,0.0,0.0,13.4,17.0,3.0,6.0,10.0,0.0,0.0,-1.0,0.0,0.0,0.0,0.0,0.0,1.0,0.0,51.0,102.0,170.0,0.0,0.0,-17.0,0.0,0.0,0.0,0.0,0.0,17.0,0.0
Raheem Blackshear,30.4,86.8,0.5,2.8,20.6,0.1,0.5,13.2,16.0,1.0,2.0,3.0,0.0,0.0,0.0,0.0,0.0,0.0,0.0,0.0,0.0,0.0,16.0,32.0,48.0,0.0,0.0,0.0,0.0,0.0,0.0,0.0,0.0,0.0,0.0
Michael Burton,6.7,14.6,0.6,7.1,45.6,0.6,0.0,13.0,17.0,0.0,0.0,0.0,0.0,0.0,0.0,0.0,0.0,0.0,0.0,0.0,1.0,0.0,0.0,0.0,0.0,0.0,0.0,0.0,0.0,0.0,0.0,0.0,0.0,17.0,0.0
Craig Reynolds,8.5,38.0,0.1,6.9,55.9,0.4,0.0,12.4,14.0,2.0,7.0,3.0,0.0,0.0,0.0,0.0,0.0,0.0,0.0,0.0,0.0,0.0,28.0,98.0,42.0,0.0,0.0,0.0,0.0,0.0,0.0,0.0,0.0,0.0,0.0
Travis Homer,22.2,71.6,0.3,3.3,25.0,0.1,0.0,12.3,9.0,1.0,2.0,1.0,0.0,0.0,0.0,0.0,0.0,0.0,0.0,0.0,0.0,0.0,9.0,18.0,9.0,0.0,0.0,0.0,0.0,0.0,0.0,0.0,0.0,0.0,0.0
Ronnie Rivers,31.7,90.4,0.5,0.3,2.3,0.0,0.0,12.2,7.0,3.0,10.0,4.0,0.0,0.0,0.0,0.0,0.0,0.0,0.0,0.0,1.0,0.0,21.0,70.0,28.0,0.0,0.0,0.0,0.0,0.0,0.0,0.0,0.0,7.0,0.0
Alec Ingold,8.9,21.2,0.6,6.1,44.1,0.4,0.4,11.6,15.0,1.0,0.0,1.0,0.0,0.0,0.0,0.0,0.0,0.0,0.0,0.0,1.0,0.0,15.0,0.0,15.0,0.0,0.0,0.0,0.0,0.0,0.0,0.0,0.0,15.0,0.0
C.J. Ham,3.0,13.6,1.0,5.3,34.8,0.1,0.0,11.3,17.0,0.0,0.0,0.0,0.0,0.0,0.0,0.0,0.0,0.0,0.0,0.0,0.0,0.0,0.0,0.0,0.0,0.0,0.0,0.0,0.0,0.0,0.0,0.0,0.0,0.0,0.0
Michael Carter,9.6,41.2,0.2,6.6,44.9,0.3,0.0,11.3,4.0,9.0,20.0,13.0,0.0,1.0,-1.0,1.0,0.0,0.0,0.0,0.0,3.0,1.0,36.0,80.0,52.0,0.0,4.0,-4.0,4.0,0.0,0.0,0.0,0.0,12.0,4.0
Pierre Strong Jr.,15.9,53.9,0.2,4.4,32.7,0.1,0.0,10.6,13.0,2.0,5.0,3.0,0.0,0.0,0.0,0.0,0.0,0.0,0.0,0.0,2.0,0.0,26.0,65.0,39.0,0.0,0.0,0.0,0.0,0.0,0.0,0.0,0.0,26.0,0.0
LeQuint Allen Jr.,4.0,50.9,0.6,3.0,22.0,0.0,0.0,10.6,N/A,N/A,N/A,N/A,N/A,N/A,N/A,N/A,N/A,N/A,N/A,N/A,N/A,N/A,N/A,N/A,N/A,N/A,N/A,N/A,N/A,N/A,N/A,N/A,N/A,N/A,N/A
Carson Steele,27.3,70.3,0.3,4.1,21.9,0.1,0.7,10.2,16.0,4.0,5.0,6.0,0.0,0.0,-1.0,0.0,0.0,0.0,0.0,0.0,1.0,0.0,64.0,80.0,96.0,0.0,0.0,-16.0,0.0,0.0,0.0,0.0,0.0,16.0,0.0
Jordan Mims,14.8,62.1,0.3,2.0,14.1,0.1,0.0,9.9,8.0,3.0,6.0,3.0,0.0,0.0,0.0,0.0,0.0,0.0,0.0,0.0,2.0,0.0,24.0,48.0,24.0,0.0,0.0,0.0,0.0,0.0,0.0,0.0,0.0,16.0,0.0
Israel Abanikanda,13.3,54.8,0.4,1.3,10.7,0.1,0.0,9.2,N/A,N/A,N/A,N/A,N/A,N/A,N/A,N/A,N/A,N/A,N/A,N/A,N/A,N/A,N/A,N/A,N/A,N/A,N/A,N/A,N/A,N/A,N/A,N/A,N/A,N/A,N/A
Hassan Haskins,16.0,36.3,0.3,1.7,14.7,0.3,0.3,8.4,15.0,2.0,3.0,3.0,0.0,0.0,0.0,0.0,0.0,0.0,0.0,0.0,0.0,0.0,30.0,45.0,45.0,0.0,0.0,0.0,0.0,0.0,0.0,0.0,0.0,0.0,0.0
Dare Ogunbowale,5.2,24.9,0.1,5.3,40.6,0.2,0.0,8.0,17.0,2.0,4.0,2.0,0.0,0.0,-1.0,0.0,0.0,0.0,0.0,0.0,2.0,0.0,34.0,68.0,34.0,0.0,0.0,-17.0,0.0,0.0,0.0,0.0,0.0,34.0,0.0
Julius Chestnut,9.9,30.3,0.1,4.4,31.6,0.2,0.0,7.9,14.0,2.0,4.0,3.0,0.0,0.0,0.0,0.0,0.0,0.0,0.0,0.0,0.0,0.0,28.0,56.0,42.0,0.0,0.0,0.0,0.0,0.0,0.0,0.0,0.0,0.0,0.0
Frank Gore Jr.,10.2,42.8,0.2,2.0,14.9,0.1,0.0,7.7,N/A,N/A,N/A,N/A,N/A,N/A,N/A,N/A,N/A,N/A,N/A,N/A,N/A,N/A,N/A,N/A,N/A,N/A,N/A,N/A,N/A,N/A,N/A,N/A,N/A,N/A,N/A
Patrick Ricard,4.1,11.5,0.1,3.4,28.0,0.5,0.0,7.5,N/A,N/A,N/A,N/A,N/A,N/A,N/A,N/A,N/A,N/A,N/A,N/A,N/A,N/A,N/A,N/A,N/A,N/A,N/A,N/A,N/A,N/A,N/A,N/A,N/A,N/A,N/A
Deuce Vaughn,9.0,35.4,0.1,3.1,21.4,0.1,0.0,7.0,6.0,3.0,6.0,5.0,0.0,0.0,0.0,0.0,0.0,0.0,0.0,0.0,1.0,0.0,18.0,36.0,30.0,0.0,0.0,0.0,0.0,0.0,0.0,0.0,0.0,6.0,0.0
Gary Brightwell,8.1,33.8,0.2,2.4,16.7,0.1,0.0,6.8,N/A,N/A,N/A,N/A,N/A,N/A,N/A,N/A,N/A,N/A,N/A,N/A,N/A,N/A,N/A,N/A,N/A,N/A,N/A,N/A,N/A,N/A,N/A,N/A,N/A,N/A,N/A
Eric Gray,11.9,42.7,0.2,1.9,14.4,0.1,0.5,6.0,16.0,1.0,1.0,1.0,0.0,0.0,0.0,0.0,0.0,0.0,0.0,0.0,1.0,0.0,16.0,16.0,16.0,0.0,0.0,0.0,0.0,0.0,0.0,0.0,0.0,16.0,0.0
Jashaun Corbin,9.3,35.1,0.2,1.5,10.6,0.0,0.0,5.7,N/A,N/A,N/A,N/A,N/A,N/A,N/A,N/A,N/A,N/A,N/A,N/A,N/A,N/A,N/A,N/A,N/A,N/A,N/A,N/A,N/A,N/A,N/A,N/A,N/A,N/A,N/A
Darrynton Evans,5.1,21.3,0.1,1.9,15.3,0.1,0.0,4.9,2.0,2.0,1.0,1.0,0.0,1.0,-1.0,0.0,0.0,0.0,0.0,0.0,0.0,0.0,4.0,2.0,2.0,0.0,2.0,-2.0,0.0,0.0,0.0,0.0,0.0,0.0,0.0
Hunter Luepke,4.2,14.6,0.1,3.9,26.6,0.1,0.0,4.9,16.0,1.0,1.0,2.0,0.0,0.0,0.0,0.0,0.0,0.0,0.0,0.0,1.0,0.0,16.0,16.0,32.0,0.0,0.0,0.0,0.0,0.0,0.0,0.0,0.0,16.0,0.0
Jase McClellan,0.0,34.0,0.0,2.0,14.0,0.0,0.0,4.8,3.0,4.0,4.0,6.0,0.0,1.0,-3.0,0.0,0.0,0.0,0.0,0.0,0.0,0.0,12.0,12.0,18.0,0.0,3.0,-9.0,0.0,0.0,0.0,0.0,0.0,0.0,0.0
DeeJay Dallas,5.8,22.2,0.1,3.2,21.4,0.1,0.5,4.4,16.0,1.0,2.0,1.0,0.0,0.0,0.0,0.0,0.0,0.0,0.0,0.0,0.0,0.0,16.0,32.0,16.0,0.0,0.0,0.0,0.0,0.0,0.0,0.0,0.0,0.0,0.0
J.J. Taylor,0.0,0.0,0.0,4.2,28.0,0.2,0.0,4.1,4.0,3.0,9.0,3.0,0.0,0.0,0.0,0.0,0.0,0.0,0.0,0.0,1.0,0.0,12.0,36.0,12.0,0.0,0.0,0.0,0.0,0.0,0.0,0.0,0.0,4.0,0.0
Trey Sermon,5.0,20.8,0.1,1.6,11.5,0.1,0.0,3.9,15.0,4.0,5.0,6.0,0.0,0.0,-1.0,0.0,0.0,0.0,0.0,0.0,1.0,0.0,60.0,75.0,90.0,0.0,0.0,-15.0,0.0,0.0,0.0,0.0,0.0,15.0,0.0
Zonovan Knight,2.4,10.1,0.1,2.1,15.3,0.1,0.0,3.6,N/A,N/A,N/A,N/A,N/A,N/A,N/A,N/A,N/A,N/A,N/A,N/A,N/A,N/A,N/A,N/A,N/A,N/A,N/A,N/A,N/A,N/A,N/A,N/A,N/A,N/A,N/A
Elijah Dotson,2.6,10.9,0.1,2.0,13.8,0.1,0.0,3.5,N/A,N/A,N/A,N/A,N/A,N/A,N/A,N/A,N/A,N/A,N/A,N/A,N/A,N/A,N/A,N/A,N/A,N/A,N/A,N/A,N/A,N/A,N/A,N/A,N/A,N/A,N/A
Velus Jones Jr.,2.4,10.5,0.1,1.9,13.5,0.1,0.0,3.4,N/A,N/A,N/A,N/A,N/A,N/A,N/A,N/A,N/A,N/A,N/A,N/A,N/A,N/A,N/A,N/A,N/A,N/A,N/A,N/A,N/A,N/A,N/A,N/A,N/A,N/A,N/A
Terrell Jennings,2.4,10.1,0.1,1.9,14.6,0.1,0.0,3.3,2.0,7.0,10.0,7.0,0.0,1.0,-1.0,0.0,0.0,0.0,0.0,0.0,1.0,0.0,14.0,20.0,14.0,0.0,2.0,-2.0,0.0,0.0,0.0,0.0,0.0,2.0,0.0
Dylan Laube,0.0,10.0,0.0,1.5,11.0,0.0,0.0,2.1,6.0,0.0,0.0,0.0,0.0,0.0,0.0,0.0,0.0,0.0,0.0,0.0,0.0,0.0,0.0,0.0,0.0,0.0,0.0,0.0,0.0,0.0,0.0,0.0,0.0,0.0,0.0
Robbie Ouzts,0.0,0.0,0.0,2.0,15.0,0.1,0.0,1.9,N/A,N/A,N/A,N/A,N/A,N/A,N/A,N/A,N/A,N/A,N/A,N/A,N/A,N/A,N/A,N/A,N/A,N/A,N/A,N/A,N/A,N/A,N/A,N/A,N/A,N/A,N/A
Carlos Washington Jr.,0.0,15.0,0.0,0.5,3.5,0.0,0.0,1.9,N/A,N/A,N/A,N/A,N/A,N/A,N/A,N/A,N/A,N/A,N/A,N/A,N/A,N/A,N/A,N/A,N/A,N/A,N/A,N/A,N/A,N/A,N/A,N/A,N/A,N/A,N/A
Scott Matlock,0.0,0.0,0.0,2.2,14.7,0.1,0.0,1.8,N/A,N/A,N/A,N/A,N/A,N/A,N/A,N/A,N/A,N/A,N/A,N/A,N/A,N/A,N/A,N/A,N/A,N/A,N/A,N/A,N/A,N/A,N/A,N/A,N/A,N/A,N/A
Raheim Sanders,0.0,10.5,0.0,1.0,7.5,0.0,0.0,1.8,N/A,N/A,N/A,N/A,N/A,N/A,N/A,N/A,N/A,N/A,N/A,N/A,N/A,N/A,N/A,N/A,N/A,N/A,N/A,N/A,N/A,N/A,N/A,N/A,N/A,N/A,N/A
Tyler Badie,0.0,10.5,0.0,0.5,3.5,0.0,0.0,1.4,3.0,4.0,7.0,21.0,0.0,0.0,-1.0,1.0,0.0,0.0,0.0,0.0,1.0,0.0,12.0,21.0,63.0,0.0,0.0,-3.0,3.0,0.0,0.0,0.0,0.0,3.0,0.0
Phil Mafah,0.0,10.5,0.0,0.5,3.5,0.0,0.0,1.4,N/A,N/A,N/A,N/A,N/A,N/A,N/A,N/A,N/A,N/A,N/A,N/A,N/A,N/A,N/A,N/A,N/A,N/A,N/A,N/A,N/A,N/A,N/A,N/A,N/A,N/A,N/A
Jeff Wilson Jr.,0.0,10.5,0.0,0.5,3.5,0.0,0.0,1.4,7.0,2.0,3.0,5.0,0.0,0.0,-1.0,0.0,0.0,0.0,0.0,0.0,0.0,0.0,14.0,21.0,35.0,0.0,0.0,-7.0,0.0,0.0,0.0,0.0,0.0,0.0,0.0
Trayveon Williams,1.2,5.1,0.0,1.0,7.0,0.0,0.0,1.4,N/A,N/A,N/A,N/A,N/A,N/A,N/A,N/A,N/A,N/A,N/A,N/A,N/A,N/A,N/A,N/A,N/A,N/A,N/A,N/A,N/A,N/A,N/A,N/A,N/A,N/A,N/A
George Holani,0.0,8.5,0.0,0.5,3.5,0.0,0.0,1.2,3.0,1.0,2.0,1.0,0.0,0.0,0.0,0.0,0.0,0.0,0.0,0.0,0.0,0.0,3.0,6.0,3.0,0.0,0.0,0.0,0.0,0.0,0.0,0.0,0.0,0.0,0.0
D'Ernest Johnson,0.0,8.5,0.0,0.5,3.5,0.0,0.0,1.2,12.0,3.0,7.0,5.0,0.0,0.0,0.0,0.0,0.0,0.0,0.0,0.0,2.0,0.0,36.0,84.0,60.0,0.0,0.0,0.0,0.0,0.0,0.0,0.0,0.0,24.0,0.0
Avery Williams,1.4,5.7,0.0,1.6,10.9,0.1,0.5,1.0,N/A,N/A,N/A,N/A,N/A,N/A,N/A,N/A,N/A,N/A,N/A,N/A,N/A,N/A,N/A,N/A,N/A,N/A,N/A,N/A,N/A,N/A,N/A,N/A,N/A,N/A,N/A
Keilan Robinson,0.0,2.0,0.0,1.0,7.0,0.0,0.0,0.9,N/A,N/A,N/A,N/A,N/A,N/A,N/A,N/A,N/A,N/A,N/A,N/A,N/A,N/A,N/A,N/A,N/A,N/A,N/A,N/A,N/A,N/A,N/A,N/A,N/A,N/A,N/A
Sione Vaki,0.0,4.5,0.0,0.5,3.5,0.0,0.0,0.8,12.0,1.0,1.0,1.0,0.0,0.0,0.0,0.0,0.0,0.0,0.0,0.0,0.0,0.0,12.0,12.0,12.0,0.0,0.0,0.0,0.0,0.0,0.0,0.0,0.0,0.0,0.0
JaMycal Hasty,0.0,4.0,0.0,0.5,3.5,0.0,0.0,0.8,12.0,2.0,3.0,3.0,0.0,0.0,-1.0,0.0,0.0,0.0,0.0,0.0,1.0,0.0,24.0,36.0,36.0,0.0,0.0,-12.0,0.0,0.0,0.0,0.0,0.0,12.0,0.0
Myles Gaskin,0.0,0.0,0.0,0.0,0.0,0.0,0.0,0.0,4.0,1.0,-1.0,0.0,0.0,0.0,-1.0,0.0,0.0,0.0,0.0,0.0,0.0,0.0,4.0,-4.0,0.0,0.0,0.0,-4.0,0.0,0.0,0.0,0.0,0.0,0.0,0.0
Nyheim Miller-Hines,0.0,0.0,0.0,0.0,0.0,0.0,0.0,0.0,N/A,N/A,N/A,N/A,N/A,N/A,N/A,N/A,N/A,N/A,N/A,N/A,N/A,N/A,N/A,N/A,N/A,N/A,N/A,N/A,N/A,N/A,N/A,N/A,N/A,N/A,N/A
Andrew Beck,0.0,0.0,0.0,0.0,0.0,0.0,0.0,0.0,N/A,N/A,N/A,N/A,N/A,N/A,N/A,N/A,N/A,N/A,N/A,N/A,N/A,N/A,N/A,N/A,N/A,N/A,N/A,N/A,N/A,N/A,N/A,N/A,N/A,N/A,N/A
Jakob Johnson,0.0,0.0,0.0,0.0,0.0,0.0,0.0,0.0,N/A,N/A,N/A,N/A,N/A,N/A,N/A,N/A,N/A,N/A,N/A,N/A,N/A,N/A,N/A,N/A,N/A,N/A,N/A,N/A,N/A,N/A,N/A,N/A,N/A,N/A,N/A
Ke'Shawn Vaughn,0.0,0.0,0.0,0.0,0.0,0.0,0.0,0.0,1.0,2.0,2.0,2.0,0.0,0.0,0.0,0.0,0.0,0.0,0.0,0.0,0.0,0.0,2.0,2.0,2.0,0.0,0.0,0.0,0.0,0.0,0.0,0.0,0.0,0.0,0.0
Salvon Ahmed,0.0,0.0,0.0,0.0,0.0,0.0,0.0,0.0,N/A,N/A,N/A,N/A,N/A,N/A,N/A,N/A,N/A,N/A,N/A,N/A,N/A,N/A,N/A,N/A,N/A,N/A,N/A,N/A,N/A,N/A,N/A,N/A,N/A,N/A,N/A
Reggie Gilliam,0.0,0.0,0.0,0.0,0.0,0.0,0.0,0.0,14.0,0.0,0.0,0.0,0.0,0.0,0.0,0.0,0.0,0.0,0.0,0.0,0.0,0.0,0.0,0.0,0.0,0.0,0.0,0.0,0.0,0.0,0.0,0.0,0.0,0.0,0.0
Jonathan Ward,0.0,0.0,0.0,0.0,0.0,0.0,0.0,0.0,4.0,1.0,3.0,3.0,0.0,0.0,0.0,0.0,0.0,0.0,0.0,0.0,0.0,0.0,4.0,12.0,12.0,0.0,0.0,0.0,0.0,0.0,0.0,0.0,0.0,0.0,0.0
Jermar Jefferson,0.0,0.0,0.0,0.0,0.0,0.0,0.0,0.0,2.0,3.0,5.0,7.0,0.0,1.0,-1.0,0.0,0.0,0.0,0.0,0.0,1.0,0.0,6.0,10.0,14.0,0.0,2.0,-2.0,0.0,0.0,0.0,0.0,0.0,2.0,0.0
Demetric Felton Jr.,0.0,0.0,0.0,0.0,0.0,0.0,0.0,0.0,N/A,N/A,N/A,N/A,N/A,N/A,N/A,N/A,N/A,N/A,N/A,N/A,N/A,N/A,N/A,N/A,N/A,N/A,N/A,N/A,N/A,N/A,N/A,N/A,N/A,N/A,N/A
Kene Nwangwu,0.0,0.0,0.0,0.0,0.0,0.0,0.0,0.0,N/A,N/A,N/A,N/A,N/A,N/A,N/A,N/A,N/A,N/A,N/A,N/A,N/A,N/A,N/A,N/A,N/A,N/A,N/A,N/A,N/A,N/A,N/A,N/A,N/A,N/A,N/A
Jaret Patterson,0.0,0.0,0.0,0.0,0.0,0.0,0.0,0.0,N/A,N/A,N/A,N/A,N/A,N/A,N/A,N/A,N/A,N/A,N/A,N/A,N/A,N/A,N/A,N/A,N/A,N/A,N/A,N/A,N/A,N/A,N/A,N/A,N/A,N/A,N/A
Deon Jackson,0.0,0.0,0.0,0.0,0.0,0.0,0.0,0.0,N/A,N/A,N/A,N/A,N/A,N/A,N/A,N/A,N/A,N/A,N/A,N/A,N/A,N/A,N/A,N/A,N/A,N/A,N/A,N/A,N/A,N/A,N/A,N/A,N/A,N/A,N/A
Keaontay Ingram,0.0,0.0,0.0,0.0,0.0,0.0,0.0,0.0,N/A,N/A,N/A,N/A,N/A,N/A,N/A,N/A,N/A,N/A,N/A,N/A,N/A,N/A,N/A,N/A,N/A,N/A,N/A,N/A,N/A,N/A,N/A,N/A,N/A,N/A,N/A
Brittain Brown,0.0,0.0,0.0,0.0,0.0,0.0,0.0,0.0,N/A,N/A,N/A,N/A,N/A,N/A,N/A,N/A,N/A,N/A,N/A,N/A,N/A,N/A,N/A,N/A,N/A,N/A,N/A,N/A,N/A,N/A,N/A,N/A,N/A,N/A,N/A
Malik Davis,0.0,0.0,0.0,0.0,0.0,0.0,0.0,0.0,N/A,N/A,N/A,N/A,N/A,N/A,N/A,N/A,N/A,N/A,N/A,N/A,N/A,N/A,N/A,N/A,N/A,N/A,N/A,N/A,N/A,N/A,N/A,N/A,N/A,N/A,N/A
Evan Hull,0.0,0.0,0.0,0.0,0.0,0.0,0.0,0.0,N/A,N/A,N/A,N/A,N/A,N/A,N/A,N/A,N/A,N/A,N/A,N/A,N/A,N/A,N/A,N/A,N/A,N/A,N/A,N/A,N/A,N/A,N/A,N/A,N/A,N/A,N/A
Lew Nichols III,0.0,0.0,0.0,0.0,0.0,0.0,0.0,0.0,N/A,N/A,N/A,N/A,N/A,N/A,N/A,N/A,N/A,N/A,N/A,N/A,N/A,N/A,N/A,N/A,N/A,N/A,N/A,N/A,N/A,N/A,N/A,N/A,N/A,N/A,N/A
Deneric Prince,0.0,0.0,0.0,0.0,0.0,0.0,0.0,0.0,N/A,N/A,N/A,N/A,N/A,N/A,N/A,N/A,N/A,N/A,N/A,N/A,N/A,N/A,N/A,N/A,N/A,N/A,N/A,N/A,N/A,N/A,N/A,N/A,N/A,N/A,N/A
Ben VanSumeren,0.0,0.0,0.0,0.0,0.0,0.0,0.0,0.0,N/A,N/A,N/A,N/A,N/A,N/A,N/A,N/A,N/A,N/A,N/A,N/A,N/A,N/A,N/A,N/A,N/A,N/A,N/A,N/A,N/A,N/A,N/A,N/A,N/A,N/A,N/A
Brady Russell,0.0,0.0,0.0,0.0,0.0,0.0,0.0,0.0,N/A,N/A,N/A,N/A,N/A,N/A,N/A,N/A,N/A,N/A,N/A,N/A,N/A,N/A,N/A,N/A,N/A,N/A,N/A,N/A,N/A,N/A,N/A,N/A,N/A,N/A,N/A
Owen Wright,0.0,0.0,0.0,0.0,0.0,0.0,0.0,0.0,N/A,N/A,N/A,N/A,N/A,N/A,N/A,N/A,N/A,N/A,N/A,N/A,N/A,N/A,N/A,N/A,N/A,N/A,N/A,N/A,N/A,N/A,N/A,N/A,N/A,N/A,N/A
Jonathon Brooks,0.0,0.0,0.0,0.0,0.0,0.0,0.0,0.0,3.0,3.0,3.0,5.0,0.0,0.0,-1.0,0.0,0.0,0.0,0.0,0.0,1.0,1.0,9.0,9.0,15.0,0.0,0.0,-3.0,0.0,0.0,0.0,0.0,0.0,3.0,3.0
Jawhar Jordan,0.0,0.0,0.0,0.0,0.0,0.0,0.0,0.0,N/A,N/A,N/A,N/A,N/A,N/A,N/A,N/A,N/A,N/A,N/A,N/A,N/A,N/A,N/A,N/A,N/A,N/A,N/A,N/A,N/A,N/A,N/A,N/A,N/A,N/A,N/A
Dante Miller,0.0,0.0,0.0,0.0,0.0,0.0,0.0,0.0,N/A,N/A,N/A,N/A,N/A,N/A,N/A,N/A,N/A,N/A,N/A,N/A,N/A,N/A,N/A,N/A,N/A,N/A,N/A,N/A,N/A,N/A,N/A,N/A,N/A,N/A,N/A
Blake Watson,0.0,0.0,0.0,0.0,0.0,0.0,0.0,0.0,3.0,1.0,2.0,1.0,0.0,0.0,0.0,0.0,0.0,0.0,0.0,0.0,1.0,0.0,3.0,6.0,3.0,0.0,0.0,0.0,0.0,0.0,0.0,0.0,0.0,3.0,0.0
Jacob Saylors,0.0,0.0,0.0,0.0,0.0,0.0,0.0,0.0,N/A,N/A,N/A,N/A,N/A,N/A,N/A,N/A,N/A,N/A,N/A,N/A,N/A,N/A,N/A,N/A,N/A,N/A,N/A,N/A,N/A,N/A,N/A,N/A,N/A,N/A,N/A
British Brooks,0.0,0.0,0.0,0.0,0.0,0.0,0.0,0.0,3.0,0.0,0.0,0.0,0.0,0.0,0.0,0.0,0.0,0.0,0.0,0.0,0.0,0.0,0.0,0.0,0.0,0.0,0.0,0.0,0.0,0.0,0.0,0.0,0.0,0.0,0.0
Cody Schrader,0.0,0.0,0.0,0.0,0.0,0.0,0.0,0.0,1.0,1.0,0.0,0.0,0.0,0.0,0.0,0.0,0.0,0.0,0.0,0.0,1.0,0.0,1.0,0.0,0.0,0.0,0.0,0.0,0.0,0.0,0.0,0.0,0.0,1.0,0.0
Kendall Milton,0.0,0.0,0.0,0.0,0.0,0.0,0.0,0.0,N/A,N/A,N/A,N/A,N/A,N/A,N/A,N/A,N/A,N/A,N/A,N/A,N/A,N/A,N/A,N/A,N/A,N/A,N/A,N/A,N/A,N/A,N/A,N/A,N/A,N/A,N/A
Chris Collier,0.0,0.0,0.0,0.0,0.0,0.0,0.0,0.0,6.0,1.0,1.0,1.0,0.0,0.0,0.0,0.0,0.0,0.0,0.0,0.0,0.0,0.0,6.0,6.0,6.0,0.0,0.0,0.0,0.0,0.0,0.0,0.0,0.0,0.0,0.0
Donovan Edwards,0.0,0.0,0.0,0.0,0.0,0.0,0.0,0.0,N/A,N/A,N/A,N/A,N/A,N/A,N/A,N/A,N/A,N/A,N/A,N/A,N/A,N/A,N/A,N/A,N/A,N/A,N/A,N/A,N/A,N/A,N/A,N/A,N/A,N/A,N/A
Corey Kiner,0.0,0.0,0.0,0.0,0.0,0.0,0.0,0.0,N/A,N/A,N/A,N/A,N/A,N/A,N/A,N/A,N/A,N/A,N/A,N/A,N/A,N/A,N/A,N/A,N/A,N/A,N/A,N/A,N/A,N/A,N/A,N/A,N/A,N/A,N/A
